location,site,year,herb_avg,plank_avg,pisc_avg,prod_avg,exP_avg,exN_avg,turn_avg
Hoga,B3,2013,9.161090516636605,6.149861190377761,0.3298892847027842,0.7047905291056962,0.04091933590808045,1.0580994955902316,2.907255108623662e-4
Hoga,B3,2014,11.49148470851203,8.30348197783251,0.6734792038192898,0.8033236560714181,0.08199125734504308,1.5759256110967161,2.0466200382769222e-4
Hoga,B3,2015,11.475248828623638,6.315781000843035,0.7172545445735244,0.8075348886350954,0.06386714900364811,1.360996191198473,2.2913038688116168e-4
Hoga,B3,2017,25.758695134909175,19.415767233300226,3.0024137843994314,1.7852923484031888,0.22838231734517025,3.5311555653492745,1.7637854172406308e-4
Hoga,B3,2018,29.238161344394932,25.11956018808772,1.3268696323295717,1.9434269601727758,0.2268752264184435,4.006386299564608,2.2260466021658512e-4
Hoga,B3,2019,22.066051166677003,17.008035650396028,2.3177368239251326,1.5884654346274627,0.2697743786171429,3.5950795017428225,1.7904339560142677e-4
Hoga,KAL,2013,16.578538934339225,10.45613596921258,0.6288192159435011,1.1914658224566355,0.07632509449715727,1.7968600271416972,2.9808496909417025e-4
Hoga,KAL,2014,18.081760979704725,6.050420750341209,0.37924355267318505,0.8977418389152165,0.0665530880870262,1.5082401413499458,2.4920063330067697e-4
Hoga,KAL,2015,14.06668995672197,6.108236945429375,0.2594194050913439,0.7520938224591579,0.06034417670067889,1.3150196349910412,2.3805843364317698e-4
Hoga,KAL,2017,29.816182133682997,10.290584909800417,0.9197828746767501,1.5247427511027587,0.15367832862947045,2.6388269399583484,2.2304543092161163e-4
Hoga,KDS,2013,13.239245159522914,7.990906328678905,2.17929217778523,1.3926488586087131,0.09389544319475344,2.0484418457929143,3.023111505810912e-4
Hoga,KDS,2014,15.05165751006327,7.410373460915741,0.9512952679280167,0.9449596608197842,0.08046309500909717,1.6827877109708955,2.561501807003112e-4
Hoga,KDS,2015,19.883301385176487,7.619637656010687,0.8035931692190736,1.0666853837507633,0.09511555643511253,1.8256376336690772,2.4878203911440027e-4
Hoga,KDS,2017,23.006365241580202,15.833324657400638,6.916209648643063,2.073156101565332,0.38621519734021303,4.65766998305898,2.1120006626831794e-4
Hoga,KDS,2018,17.308344681021072,7.266934981978196,4.4962941662598315,2.031235217707233,0.13979484109052498,3.417094180763199,2.3211154800152463e-4
Hoga,PK,2013,13.414243882960353,6.072548100429523,0.8283376173502109,1.12049438012277,0.0786546353533114,1.643256260204381,2.8361902070462555e-4
Hoga,PK,2014,8.993353085234345,8.705481831148829,0.6112117083777632,0.7535043685308137,0.10496296444010593,1.6539990848581487,2.2076270633866044e-4
Hoga,PK,2015,10.04876819197637,7.800818407148682,0.39290251459113484,0.6367724670627455,0.06449039864213393,1.2567152262263481,2.2525722047479635e-4
Hoga,PK,2017,25.676128886169344,18.66684731831567,4.6697463005114255,2.169418651780511,0.38940144810494876,4.586221165231377,1.7973536155702272e-4
Hoga,PK,2018,20.847836481297335,10.983011996945159,6.473911677728933,3.083178410368201,0.496055719091572,5.348327557441706,2.1613508355123763e-4
Hoga,PK,2019,49.55672922327354,16.676833098184357,4.805246684927433,3.1166196433510396,0.5456976825811314,6.459939965289761,1.7347054189256885e-4
Hoga,R1,2013,12.812179365461924,12.685674813671646,1.331471894363494,1.3476944024457111,0.08595409719958227,2.1727834452207575,2.4411699193546774e-4
Hoga,R1,2014,21.49663737649719,17.413856982772156,0.7781351586093005,1.6284669379800396,0.10851633450811168,2.736929510236712,2.2635417404667292e-4
Hoga,R1,2015,16.10606729796109,23.695754809627186,0.6508422141657528,1.6074908731572655,0.13468050554196598,2.9953883086844932,2.125934199248983e-4
Hoga,R1,2017,27.291990460003497,19.32606621565382,0.9088154197455429,1.656514815903311,0.19245789650479356,3.3513486975368214,1.8139036551808834e-4
Hoga,R1,2018,39.467185422803425,20.077417579934785,6.234618692466335,3.3727067289874166,0.28494369404597236,6.3540624603015665,1.9117045718598376e-4
Hoga,SAM,2013,7.802863966101795,4.025049743650867,0.20334526138592035,0.48467161405189774,0.03217889212591267,0.7641873933526108,2.818393224670515e-4
Hoga,SAM,2014,9.725020220294011,4.185773725972193,0.15002686319790284,0.48344640648129455,0.04326354849382835,0.9243594075250626,2.446553838507775e-4
Hoga,SAM,2015,12.872600053395937,6.061959113605074,0.34481635110421205,0.6277662243361753,0.06284228375472382,1.2196045542119662,2.3715876418724783e-4
Hoga,SAM,2017,20.353282800354076,8.839208128503302,0.9080635659848939,0.8934392688103702,0.14627025743772515,2.0826580378960893,1.785218613326462e-4
Hoga,SAM,2019,21.663422677308372,9.488317854457888,1.701274156710241,1.3123387948303702,0.15248812653517982,2.474769010924028,2.1932231623249411e-4
Moorea,Afareaitu,2004,40.15730676985369,0.8731326401944939,0.5350168300464264,1.197816678580037,0.13864471036758652,2.3108688144389085,2.0924763165342634e-4
Moorea,Afareaitu,2005,68.21668494580207,1.3742985263779524,1.114277007743353,2.1364384957375795,0.2666483047961224,4.113086089195575,4.7028524759054217e-4
Moorea,Afareaitu,2006,88.50350809872874,3.324677873650785,1.6863291997967877,3.168434233248847,0.3331644308357198,5.6365018357350705,2.731469860766595e-4
Moorea,Afareaitu,2007,141.41340705042683,2.3926656510914266,4.246521122921291,5.566197831993217,0.3843683083844692,8.328038690243517,2.668682923304749e-4
Moorea,Afareaitu,2008,71.98880453001338,3.8400029907652673,2.6495649813599007,3.0163501423034464,0.3463144177343339,5.42797955155647,3.1487812174699247e-4
Moorea,Afareaitu,2009,114.32401567812438,1.9442084638865,3.6124363483301742,3.4653535437847527,0.46005284925066475,7.1668573236057425,2.570982063023083e-4
Moorea,Afareaitu,2010,51.685545088260156,1.652879620842054,1.7512383416462247,2.1612739184223386,0.30029370212537887,4.374488277304109,2.1358907483459385e-4
Moorea,Afareaitu,2011,50.37848926311006,1.3142379687309167,1.1369254028926663,1.6043414938147456,0.1811981922573111,3.079826552313387,2.0421363744693242e-4
Moorea,Afareaitu,2012,48.84141062998767,1.3082535805373805,3.1682777977007377,2.067502684817723,0.21088181971212389,3.7045512934901264,2.681729445074034e-4
Moorea,Afareaitu,2013,50.50881105758935,1.590132639506178,1.718053377912206,1.8463926658646606,0.16652723299145436,3.045399400491122,2.348277208726099e-4
Moorea,Afareaitu,2014,54.986679641779816,0.47265505014038284,1.3723160909852328,2.4539383626857614,0.13727068711239515,3.1005544647363306,3.4483817772276975e-4
Moorea,Afareaitu,2015,48.49080297736003,0.8977984339599603,1.3606747577479898,1.952213986085292,0.15667362635870738,3.0234559018516807,2.93136657511201e-4
Moorea,Afareaitu,2016,42.673168119308265,1.4159591550261006,1.4108995854813522,2.2736604361895085,0.13464666964446678,3.0137084243826133,3.1638497875897557e-4
Moorea,Aroa,2004,14.585287160755966,0.7477087034081308,0.1795601923504148,0.65771796879958,0.044722075962085286,0.9880273986419098,2.82430636405566e-4
Moorea,Aroa,2005,51.768529416313626,0.5484811720778056,0.7714088523916874,1.7565250210304173,0.18764492274266126,3.169395154730274,2.8754881183360386e-4
Moorea,Aroa,2006,61.73187872133376,1.4588504467338963,1.2615403186130847,1.8165014242889361,0.24374908259884176,3.7507121481557197,1.684303266222657e-4
Moorea,Aroa,2007,106.4313342372111,0.79386649954199,2.055313194120764,3.1176157213012248,0.36244070524022554,5.891984126951206,2.0725640077025534e-4
Moorea,Aroa,2008,108.29301044423136,0.9704568768328686,3.5065097828195904,3.305261143183679,0.3894759639787251,6.1264608274008765,2.293972128665983e-4
Moorea,Aroa,2009,191.3429578938916,1.386731008039779,2.1833217299538044,4.569184315418879,0.6506291526405332,9.859684211677235,2.321562315374034e-4
Moorea,Aroa,2010,57.60008243798608,0.3834076087391706,1.7609075753638068,1.9196869879777423,0.22291156194373435,3.535347834965427,2.5984769668364893e-4
Moorea,Aroa,2011,23.624173542544195,0.37193932245637346,0.5604128346308578,0.8718021667964214,0.08821503789626499,1.4392461069576235,2.2166123043908421e-4
Moorea,Aroa,2012,112.29218071023666,2.2883678297682577,0.6859785136744986,2.895645505252164,0.3421919802180337,5.574840763363499,2.0444518626806614e-4
Moorea,Aroa,2013,64.92871655919059,1.8100763814405332,0.9400756192493727,1.8151976184820253,0.20944251055218535,3.3837225930600416,2.24599970050449e-4
Moorea,Aroa,2014,37.32015407892777,0.529841865577819,0.49778225147317723,1.3417348965651579,0.12669936938871934,2.181529653361839,2.2816248610869577e-4
Moorea,Aroa,2015,54.768402426400435,0.2170727865397733,0.3891855185405355,1.8014744277223012,0.14843392274126632,2.823712711580301,2.1368971604114826e-4
Moorea,Aroa,2016,47.959172265176704,0.8670714787026346,1.0184304794458345,1.809367619171904,0.17171631189114397,2.8612355360016926,2.1313621272430472e-4
Moorea,Entre 2 baies,2004,38.97238606936048,1.1170666976284367,2.250873433756766,1.5147218823402433,0.16902471270896852,3.0238341611689914,2.2498969079312375e-4
Moorea,Entre 2 baies,2005,72.56536521141304,1.5641065000828345,2.798419952969163,2.688522903220159,0.28276643565152343,4.714092455798741,2.697293841751959e-4
Moorea,Entre 2 baies,2006,72.39714592435574,1.1253261731590765,2.4200926088128543,3.029667609293334,0.3296973465500043,5.427104732051355,2.0149624448493087e-4
Moorea,Entre 2 baies,2007,116.57739929203211,1.9093917646445204,2.993613707643829,3.9963755547203736,0.39010121576777534,7.082620895472655,2.2161832435662782e-4
Moorea,Entre 2 baies,2008,83.97444306801505,1.9181003060909758,3.0825698055942357,3.127726581959398,0.30166814802002695,5.363140923791676,2.807962943413629e-4
Moorea,Entre 2 baies,2009,141.96195816184118,2.0072960299646927,3.9656955703702406,4.45035518817642,0.46104815256418125,7.9413718653919725,3.0640371301744713e-4
Moorea,Entre 2 baies,2010,76.31994307219523,0.9620314708012637,1.7618954934947795,2.7730815073576727,0.22792410807016134,4.417339092592629,2.757241235649885e-4
Moorea,Entre 2 baies,2011,40.002245239297345,1.8253021095878863,0.9787456278639229,1.4418780777911568,0.11024500837769746,2.277432802121166,3.7816335157225383e-4
Moorea,Entre 2 baies,2012,87.88272910756756,2.4409538243551556,1.2283903960139069,2.2032424976334974,0.32527884437799337,4.898652726243013,1.7753983791206173e-4
Moorea,Entre 2 baies,2013,71.95360300150227,0.4030249126131743,1.3604333306451502,2.155733930895419,0.2174156068479106,3.962517108871853,2.0909001620886356e-4
Moorea,Entre 2 baies,2014,91.64241434211682,2.181804897548817,1.8983409222919496,3.2117868826460656,0.2713348535346284,5.017869135474025,2.5960062542014587e-4
Moorea,Entre 2 baies,2015,67.26231597325759,1.7013953252708547,1.0278375520205456,1.7609850896634054,0.25346952017988794,3.995761334607532,1.5962366537395598e-4
Moorea,Entre 2 baies,2016,74.99608932271775,0.844066042306646,0.642628740167921,2.4764290581062083,0.253875093225702,4.507134931901543,2.0141964795044727e-4
Moorea,Gendron,2004,29.886750766063944,0.3615903169524338,0.7797048599697218,1.0343712931036282,0.11599044066373214,1.9334520417234502,1.7589939451241027e-4
Moorea,Gendron,2005,82.45640067913774,0.6089271095425848,2.4220598813129506,3.251559400556114,0.20897188872093653,4.577003948540032,3.8539881604642294e-4
Moorea,Gendron,2006,73.1851878390847,1.1091520781214754,1.2978596913501146,3.165231824490054,0.14398280909666716,3.8082647917024826,4.152285882388734e-4
Moorea,Gendron,2007,109.38536818995341,0.7784716056257313,6.640331335621605,4.20010456937713,0.35398048641832575,6.523138955331899,2.9388721752677323e-4
Moorea,Gendron,2008,62.40402726704498,0.8682620109309891,1.8795866387788125,2.2042180889682497,0.19755487529134638,3.522620599287393,0.00028831092900828865
Moorea,Gendron,2009,69.15083844856639,1.2705768563070774,2.0905281654830974,2.7491271273670566,0.2025882849531653,4.208150060425833,4.042521340658127e-4
Moorea,Gendron,2010,37.004434594066595,0.713665972443279,0.8082897222119099,1.1568097933367079,0.12587986086323463,2.107804540942692,2.4288498551177645e-4
Moorea,Gendron,2011,50.76657140474264,0.7605236558318863,1.7842735944212909,1.4514504385374576,0.1699630755328119,2.895487735631295,3.709121049100897e-4
Moorea,Gendron,2012,31.503502015624576,0.9194938846281097,0.3115994805411055,0.9790128695601088,0.11555824850000825,1.8827169026167943,2.578446740214165e-4
Moorea,Gendron,2013,30.76156402181458,1.1474566544488842,0.8168061117599342,1.2626399923214011,0.10346989198603421,1.966781565335465,2.3812272092807438e-4
Moorea,Gendron,2014,30.695812906332442,1.259327485385464,0.8048411206493337,1.2967338096403664,0.09171580576842102,1.7992293103081947,3.056650616663247e-4
Moorea,Gendron,2015,21.886930688293514,0.698056309703295,0.4348037563381073,0.764443056117467,0.06831407810346475,1.3159273240428975,2.5664001039708774e-4
Moorea,Gendron,2016,42.58750014376707,1.123555664779977,1.2526257162370416,1.4624233197993108,0.1436251070060161,2.452587471465339,2.8059571251286795e-4
Moorea,Haapiti,2004,20.2882370282732,0.1319706106367912,0.5481694726916521,0.8666218575304729,0.07105483500034356,1.3818180663345314,2.2306100941329259e-4
Moorea,Haapiti,2005,81.01910781546775,0.8192708178395942,1.315810386033148,2.868822564070222,0.20804972099089294,4.264854964379755,3.835189492716253e-4
Moorea,Haapiti,2006,111.85945261418387,1.5619936557331644,1.1425498120701283,5.173922710827096,0.18600621006902157,5.6654261954925405,5.000070410794663e-4
Moorea,Haapiti,2007,59.14667642418168,0.8771748924847006,0.9838021344003114,2.2291313535138633,0.15896523182502925,3.3860347878716586,2.883638682344169e-4
Moorea,Haapiti,2008,47.51708073790796,0.7331502330677814,1.14321080557453,1.7682922929842084,0.1573767581350749,2.920466819826377,2.8131472946312755e-4
Moorea,Haapiti,2009,40.089160172519136,2.2831568919763465,1.563497369763977,1.6198261557938642,0.15851381906608275,2.7188877832268297,3.053034124266043e-4
Moorea,Haapiti,2010,21.47691091386684,0.4728048726563397,0.9346756057111705,1.1237153169510108,0.09539910545426139,1.716396147804542,3.046693184874775e-4
Moorea,Haapiti,2011,24.208947000022935,0.8428615055405352,0.6575289591731571,0.8834078540008647,0.10435759314554444,1.618042081775164,1.9071632101266858e-4
Moorea,Haapiti,2012,20.56963954547221,1.1386271439844389,0.23740990536199907,0.8168976049551062,0.08180009013276218,1.4125059456559057,2.798390131341101e-4
Moorea,Haapiti,2013,27.871997819101626,1.1384391573877923,0.8410344440888169,1.1864151251084534,0.11073621608794595,1.9216495366729476,2.4513273347038557e-4
Moorea,Haapiti,2014,29.796623996347282,1.8028323168848552,0.45965093618224534,1.2451471025785419,0.08202950064023204,1.765209156069872,2.9091720016718347e-4
Moorea,Haapiti,2015,22.472587954587755,0.8712657937844988,0.21501173646799246,0.710333574044055,0.098291040355833,1.487320611319296,1.7105515081545066e-4
Moorea,Haapiti,2016,16.147071511850733,3.149824330907778,0.20477014133622265,0.6582126604679146,0.07934783165362838,1.3111365330478544,2.2477345549191125e-4
Moorea,Maatea,2004,33.10139792039301,1.1201819938272535,1.1470321707053466,1.1317707102813512,0.14493725054540232,2.351372767999268,2.1545933818531903e-4
Moorea,Maatea,2005,47.919532052771316,1.6436024348263043,2.6786715881197116,2.028863501473896,0.22415841928491398,3.6422187255733487,2.4421436932019864e-4
Moorea,Maatea,2006,90.895304047622,2.1429491248000296,2.902779304612104,3.2635298789674834,0.2955157477195388,5.41273849394189,2.2511496192259662e-4
Moorea,Maatea,2007,125.0220901415705,0.9668274577279424,4.177082262657694,4.567857097185716,0.3963034761774592,7.187891963135587,2.7186724037207247e-4
Moorea,Maatea,2008,59.1605035417913,1.3271281004603976,3.375915627078985,2.573766802336568,0.24977751068569132,4.222295228606168,2.701175390931016e-4
Moorea,Maatea,2009,64.30418537713815,1.7080524660865888,3.5150345936895064,3.211557537669144,0.285755458272026,5.007770599944785,2.732752000546827e-4
Moorea,Maatea,2010,55.40795202510631,1.1391437174835624,1.8395089989638607,2.2336261600544516,0.25315262924688076,4.03933864228553,2.2340051279552488e-4
Moorea,Maatea,2011,46.113137980068736,1.7941922471630396,2.197903480374385,1.5867384204733859,0.21523845612089265,3.280134751076714,1.7113962687071132e-4
Moorea,Maatea,2012,48.07449085805554,1.4318393674678322,1.3927863536277787,1.392533868956236,0.219654400009403,3.233625415454974,1.7721333938556028e-4
Moorea,Maatea,2013,31.475614055930944,1.213123046333963,1.1684173783456124,1.097863016024692,0.15678307475535372,2.304964723043584,1.7823794526271937e-4
Moorea,Maatea,2014,35.57198472369091,0.462072596382887,3.7878376109399974,2.704964450267976,0.23755394198608643,3.1775492974558275,3.1350465101255407e-4
Moorea,Maatea,2015,44.879011967840185,0.9048145549839571,2.3485299546751537,1.685168025401984,0.20602940970419795,3.092950784175862,1.795916204947977e-4
Moorea,Maatea,2016,43.38154873383397,2.1353407695023137,0.8706640132966339,1.7283256458021117,0.20317078188853568,3.3465689914732093,2.1099340066082158e-4
Moorea,Motu Ahi,2004,27.01982854107821,0.7704379750875797,1.1006814353064656,0.8393309849440705,0.14368360238514113,1.9613526814050524,1.7925021133067675e-4
Moorea,Motu Ahi,2005,51.5804679312008,1.6145372668844062,2.5703115829403202,2.104793802404722,0.25269623371638067,4.1096862882473815,3.7539332327575986e-4
Moorea,Motu Ahi,2006,67.86476433756442,1.334407430088955,2.631306174848544,2.717246345946703,0.2328053163403376,4.258584372453909,2.6158180156751927e-4
Moorea,Motu Ahi,2007,125.64722068573111,2.517589768370056,3.4322791020323193,4.2441369758590834,0.4552196327017252,7.741269112114191,3.896003307176891e-4
Moorea,Motu Ahi,2008,59.28114219198411,2.0391203370938933,4.251777988979399,2.517718272424855,0.29196097780752006,4.729868331509764,2.94832212836185e-4
Moorea,Motu Ahi,2009,109.53620285209863,2.7565773273137344,3.9346542773812185,3.9360266105788613,0.4130312022342012,7.009159641932703,2.4784158301822186e-4
Moorea,Motu Ahi,2010,71.80442023367665,1.4294547851421064,2.916735469538904,2.398452993157492,0.3388411667727043,4.839942097655166,2.4237057376051308e-4
Moorea,Motu Ahi,2011,66.32159977839824,0.70930408942322,1.508419629355262,2.0012130769424616,0.19193718233989254,3.5008313487005105,4.2547818534022724e-4
Moorea,Motu Ahi,2012,49.37008987087351,2.089207725404052,1.5313385390692473,1.6370421188423168,0.1788664780348727,2.970010696011441,2.3011691061165015e-4
Moorea,Motu Ahi,2013,75.56066796357209,0.633700836170451,2.8072199416227104,2.6198540676256474,0.20471540160436114,4.2037040087652215,2.2099999783560667e-4
Moorea,Motu Ahi,2014,46.71621087951139,1.4162061647922115,1.6504922377221103,1.8761067538533693,0.16133263245620874,2.948925381799712,2.2500122355210343e-4
Moorea,Motu Ahi,2015,46.54103523003261,1.407662682191711,1.500815868628808,1.8323218842942317,0.12748490373415716,2.8188092969396554,2.0883058867920262e-4
Moorea,Motu Ahi,2016,40.136067866319955,1.9496944516425248,1.6313130226054493,1.5953424809776073,0.14602790451734454,2.72884276477898,2.3167409229616815e-4
Moorea,Pihaena,2004,19.225525833319814,1.3292498215371376,0.14535808519776025,0.9278354194277099,0.04123168211167984,1.1923837904932952,3.888866301282336e-4
Moorea,Pihaena,2005,49.39065082948937,1.4796764652239587,2.0119855067301864,1.2342007482994959,0.25804272302524467,3.2648352795996507,3.517976575129556e-4
Moorea,Pihaena,2006,61.493044579078855,2.184534998937113,2.9973514888638215,2.177413123218482,0.3262756382602854,4.518926866870939,2.4052985897029137e-4
Moorea,Pihaena,2007,113.18474215136048,1.931068913973928,2.056375317077926,2.78858741988056,0.41664251513057304,6.279558042463133,2.000425459059564e-4
Moorea,Pihaena,2008,52.80839291973003,0.48139118563520966,1.8997210906706103,1.610724715199312,0.1947702844110923,2.9682150414910398,2.8146075336509164e-4
Moorea,Pihaena,2009,107.42282210320927,1.4211161606268978,1.8596342150549818,2.81993917147408,0.38491206450026294,5.787709238100408,3.18267371499601e-4
Moorea,Pihaena,2010,99.61101058891236,0.3860797019567154,0.9272963176209171,2.1139158775550175,0.34496406675163005,5.1140389299901,2.4842088329678495e-4
Moorea,Pihaena,2011,52.777183107649485,0.5019321082092653,0.7500688547513723,1.081513558880084,0.1813336430452437,2.681328314985909,4.811960227133191e-4
Moorea,Pihaena,2012,76.29025529665026,1.145250105754185,0.44922980647923827,2.1804945139634926,0.20212388409260315,3.6619085036887293,2.848067587866053e-4
Moorea,Pihaena,2013,49.158653092808066,1.970270087021874,0.7162506027602324,1.5510968666242944,0.16196309773608294,2.834488567396374,2.318984934114621e-4
Moorea,Pihaena,2014,53.22194772579182,0.8028056102777726,0.633449603625349,1.636480092590808,0.16232956674289087,2.7543160488702965,2.886668584990736e-4
Moorea,Pihaena,2015,27.053354738346613,0.7370851141741118,0.4550039250088599,0.8577859120057809,0.094558486765691,1.5608274690618422,2.3899692921039057e-4
Moorea,Pihaena,2016,47.3274575233772,1.1014394993486774,0.3203880377974094,1.7565119878333852,0.11752895915887572,2.4499225265497677,2.4912584639208586e-4
Moorea,Taotaha,2004,36.41061501074736,0.8898969988670495,0.4458376821412222,1.1642027079702786,0.12859939472362747,2.2050179873370523,1.9441656910387003e-4
Moorea,Taotaha,2005,105.70589546159638,1.183484507261948,2.9426074949540597,3.512919587225668,0.30462127578051296,5.641111257400151,2.4883735501668924e-4
Moorea,Taotaha,2006,82.27758702805714,1.440654849494764,2.155407481148423,3.4370918590685133,0.25294606079485427,5.073736073276479,2.4440997813427823e-4
Moorea,Taotaha,2007,144.13075788785636,0.7900731640781089,3.3125843219945446,4.552031083822843,0.42357357407614243,7.737275305538655,2.3125480649745356e-4
Moorea,Taotaha,2008,75.83707054042522,0.8079729708768544,4.628872298872333,3.1155553047142517,0.2698172865965607,4.880926714081914,2.885855910317737e-4
Moorea,Taotaha,2009,67.94337473794566,0.8530892641400746,3.2833976496357367,2.556924044247959,0.22974261869611748,4.227783696296664,3.304309368702115e-4
Moorea,Taotaha,2010,72.92574235352151,0.4329563168618879,1.6274034971261397,2.599170515755603,0.2646540427021916,4.55704007257162,2.5043485489496104e-4
Moorea,Taotaha,2011,58.32159151413316,1.352037617707313,1.255170198591841,1.7280193738553726,0.17199662804302454,3.1762585673425794,2.392383899916606e-4
Moorea,Taotaha,2012,56.38521046851402,0.5236861363874825,1.364229332175854,1.9540301693039883,0.19388993383210051,3.433723581433787,2.1833963732741096e-4
Moorea,Taotaha,2013,36.86899096816683,1.5105847336842033,0.5968539062284494,0.9053626957318334,0.1514462966988169,2.250853118628337,1.5239540712136976e-4
Moorea,Taotaha,2014,51.367758321689706,0.8830835647942057,0.5298318039019838,2.124140778495116,0.11224411581063327,2.6386374788192972,2.8405674549902816e-4
Moorea,Taotaha,2015,45.720118395585644,1.1241619717763156,1.4712216071635773,1.7913922170122787,0.15036027347414846,2.8843501240845497,2.3245890621311372e-4
Moorea,Taotaha,2016,60.534991589458734,0.9497922848161573,0.9706236941078897,2.165197567764963,0.18453966670580316,3.4875421167944776,2.1292105217316979e-4
Moorea,Tetaiuo,2004,36.850137788746,0.46028384344541917,0.14613424945989753,1.0789686234998377,0.10803863653672437,1.9861772003574267,2.0635712288922167e-4
Moorea,Tetaiuo,2005,74.09336399338503,1.0502539514315925,3.0082570027589632,2.7311201826810487,0.2657878476843839,4.515251662908972,3.321762006449249e-4
Moorea,Tetaiuo,2006,92.84824273880237,1.308768108123418,4.363117283479245,3.6384929196727085,0.32326261234773235,5.772445033667659,2.836356268965077e-4
Moorea,Tetaiuo,2007,119.41955391270575,1.579685651771167,3.0046751114991426,4.415860575787767,0.3244523845323681,6.5719214626162,2.6489678933656836e-4
Moorea,Tetaiuo,2008,95.40266631515024,1.28492031123796,2.3379876869671343,3.0974738828979422,0.2835738491731505,5.181020680982162,2.620926133807837e-4
Moorea,Tetaiuo,2009,140.80968343006913,5.91233549656635,3.1122611107188214,5.15985979134816,0.38711511667550846,7.753263591555673,2.819010299166232e-4
Moorea,Tetaiuo,2010,59.587620928647226,0.5511040675517358,2.6633460530111894,2.0491233400713793,0.23065804868294074,3.727940226479244,2.350398732331116e-4
Moorea,Tetaiuo,2011,88.35324772158208,1.555599056828438,2.754160570589206,2.2591486012542865,0.2909572230191319,4.5798867483408445,2.504989280478546e-4
Moorea,Tetaiuo,2012,46.56416781467906,3.0936328899987373,0.7213132898116973,1.0966064678453307,0.20379064001402628,2.8704503804412758,1.411547563981914e-4
Moorea,Tetaiuo,2013,44.26520648677782,2.615932352039959,4.115935325542105,1.809332007646944,0.24210615667899293,3.3205928762069954,2.1141550734285518e-4
Moorea,Tetaiuo,2014,42.32993055224695,1.6520080096184617,0.8499585149689737,1.1311577844079437,0.17031158157208642,2.5382374150065816,1.6464737615050034e-4
Moorea,Tetaiuo,2015,42.62414620112536,1.0608827539525767,3.626385803596414,1.493068964113171,0.17249319691097167,2.6948620794576525,2.1079988401226545e-4
Moorea,Tetaiuo,2016,66.69609422177247,3.2882741718036876,0.546668997213564,1.8166783203887027,0.21137850838156608,3.6368013598542426,1.8915923663129905e-4
Moorea,Tiahura,2004,88.2935074164475,1.6924657618193004,1.6961961969724344,2.021693979653633,0.35579998729092505,5.159641129573651,1.2975315032885576e-4
Moorea,Tiahura,2005,93.3411022734998,2.3498289902469924,3.2634395945410923,2.6554567061912886,0.42638783564693444,6.0751624177053625,1.568155006517733e-4
Moorea,Tiahura,2006,119.0625370193668,6.68888748314373,2.960221928982419,3.502635424369485,0.5265258531315238,7.847767029340809,1.5486593914531315e-4
Moorea,Tiahura,2007,146.57759952971162,5.8091347919026015,4.2200186694939665,4.482847204014315,0.5723692840768568,8.901000927578105,2.0366327920421008e-4
Moorea,Tiahura,2008,117.0039229586658,6.135246780445482,4.196490003790632,3.532494408767369,0.4826139326473545,7.398829049001119,2.1462566490949983e-4
Moorea,Tiahura,2009,209.9601664699076,5.139546557761546,5.172191163853839,5.675619364582305,0.7679950463369181,11.754455095155514,1.9551039215287964e-4
Moorea,Tiahura,2010,114.74191634422291,1.5409344214784066,3.9533286037449633,3.4368918257503585,0.41738856922935935,6.580516152945507,1.9309285006093404e-4
Moorea,Tiahura,2011,39.651378284896694,0.687361017814874,1.0305824411365652,1.181268930369015,0.13787394006845927,2.240022633487008,5.397669453721472e-4
Moorea,Tiahura,2012,75.72591094571825,2.488298766443162,0.934942164180138,2.0342226983571177,0.2818882745507054,4.2650129033139486,1.675098111640336e-4
Moorea,Tiahura,2013,80.10989716429734,1.4658828424321597,1.3846650299547911,2.1293718098948196,0.2756673998797839,4.341030464652974,1.7352343648510855e-4
Moorea,Tiahura,2014,90.49783135915396,4.486410313062327,2.009435729404831,2.5497174191877816,0.3616830689664162,5.59774941534096,1.7489049555453908e-4
Moorea,Tiahura,2015,72.42429400367241,2.308557757451151,1.9155701838199122,2.0894376348376746,0.32180772109807215,4.564424365807978,1.5724262613107113e-4
Moorea,Tiahura,2016,64.57959030864586,3.055066638923752,1.1600195393316546,1.8812833319637663,0.2704144741551393,4.051519206108877,1.886882802873006e-4
Seychelles,CousinCarbonate,1994,9.782359860072697,0.6771320802526324,2.4016031062830794,0.40987454394383666,0.09698758000726511,1.0633216644061756,1.1063908944068802e-4
Seychelles,CousinCarbonate,2005,25.586842853039975,0.27616635902366643,1.2196180779371655,0.6594189998485662,0.0963054460325678,1.32388203679047,1.3624931311642216e-4
Seychelles,CousinCarbonate,2008,22.705673119602103,0.0551274635794142,0.5957228034771426,0.5848928826762294,0.09058498972978252,1.2521399828298896,1.22742312977995e-4
Seychelles,CousinCarbonate,2011,22.6400719977966,0.4343862783399617,0.9479954793209789,0.7907433759416461,0.08757016766286921,1.3565064246047516,1.4890546922004353e-4
Seychelles,CousinCarbonate,2014,29.307833592285284,0.2823831471199037,0.6223711192364635,1.0516186729878598,0.07320611575723576,1.459036837658004,1.9270720602928963e-4
Seychelles,CousinGranite,1994,11.646513336266343,0.2227338610404673,2.2708793377574272,0.46544247743225586,0.10791891734996081,1.1144293183610325,1.2614623618900783e-4
Seychelles,CousinGranite,2005,7.64488297006336,0.1175067787399183,1.2590969783277044,0.21724552898024113,0.05985432294918603,0.6019134553315296,1.2444388225769476e-4
Seychelles,CousinGranite,2008,11.591206048908676,0.24245022522215723,1.3997556892908798,0.4604068726243859,0.07616298160594781,0.9172185508134547,1.7472425605963272e-4
Seychelles,CousinGranite,2011,22.38775574579607,0.32899601753019475,1.1777617884960063,0.7358600593483631,0.08332782408786754,1.2582063340788412,1.4592038879783284e-4
Seychelles,CousinGranite,2014,23.916508135268373,0.2139233130263987,1.0536246863327254,0.8333139155125006,0.07557724766994768,1.2763825392954344,1.808596750495931e-4
Seychelles,CousinPatch,1994,13.767261193196182,0.7713136895552742,2.340541015263072,0.5504672350215697,0.14107205974872714,1.395968518536642,1.2192927765925013e-4
Seychelles,CousinPatch,2005,10.103607127298586,0.17664416577190734,0.8561290208598328,0.3601311553418562,0.05521439666595681,0.7041959848789185,1.5733289069567224e-4
Seychelles,CousinPatch,2008,24.248621591456228,0.27693920739803973,0.5947269020271315,0.7587153703827684,0.07572157552987444,1.251648582098428,1.5413412736102572e-4
Seychelles,CousinPatch,2011,43.515956226627004,0.25831629344121687,1.6136093496203094,1.4694107554093179,0.15529931223937643,2.411484984616849,1.4997107004175925e-4
Seychelles,CousinPatch,2014,39.736359741852375,0.18496255061088324,0.4448704043170113,1.1438290223181662,0.0937352925914392,1.869835677625727,1.4718796463897868e-4
Seychelles,MaheECarbonate,1994,8.425772510539234,0.16628732601522359,0.8566449579006015,0.35082071480634514,0.05388390787768555,0.6900160402540286,1.5622574024818175e-4
Seychelles,MaheECarbonate,2005,7.589518638933986,0.21434966682085393,0.6296664237244307,0.2838590761517626,0.0468753509094009,0.5567722787083695,1.5695962216431665e-4
Seychelles,MaheECarbonate,2008,10.085663425863647,0.1890011597581266,1.5339745641269646,0.5073674353919305,0.08494451879410554,0.9645066980393794,1.722205584827884e-4
Seychelles,MaheECarbonate,2011,9.23521263124839,0.07754458121641632,0.0474316857146737,0.32798812259015797,0.02616351465187074,0.468534437126877,2.1376760324047785e-4
Seychelles,MaheECarbonate,2014,9.537528849689645,0.29463813026273167,0.492536106299985,0.36869190678155955,0.03680965377002266,0.5872457144524343,1.8229371527376376e-4
Seychelles,MaheECarbonate,2017,12.468546124611214,0.0783570984448586,0.9175115893525435,0.5093776712719301,0.06388482494074678,0.8067969409653906,1.7059536831034712e-4
Seychelles,MaheEGranite,1994,5.418899132317132,0.12975714079726092,0.4484379404120209,0.2469543958219126,0.028878335558135113,0.4034724697733199,1.9265567776850662e-4
Seychelles,MaheEGranite,2005,4.850592213511154,0.08276378902665245,0.4773060844751535,0.1689518301586548,0.03053043244048167,0.3668963862102582,1.7298572918361405e-4
Seychelles,MaheEGranite,2008,7.414607554314852,0.22071753945920985,0.5470093725719851,0.3002876713040823,0.044789972992411095,0.6584576158076646,1.454614871650387e-4
Seychelles,MaheEGranite,2011,13.996319438502452,0.16081145201763827,0.3007506048741425,0.5364780546762565,0.04529652437006293,0.7904750266819018,1.8336379040230957e-4
Seychelles,MaheEGranite,2014,12.105359672510025,0.11043135965094591,0.43001821983025174,0.4263822405722075,0.04011079449664603,0.6653834976076594,1.598597689598249e-4
Seychelles,MaheEGranite,2017,8.409115250999804,0.08608913616844205,0.5005048273504551,0.3419945335813863,0.04127613330384359,0.539415267537861,1.7636820274346193e-4
Seychelles,MaheEPatch,1994,9.313198931201176,0.15959932182350015,0.834557046003454,0.3838237187609184,0.05057214990746111,0.6891383073191882,1.8247940070713296e-4
Seychelles,MaheEPatch,2005,7.174481307757209,0.1495423653361073,0.37848785506266114,0.23417749960311304,0.03493216829287978,0.46386510215868476,1.4804841947031478e-4
Seychelles,MaheEPatch,2008,12.801391719531855,0.22910995900345973,1.0107836480722192,0.554284906536825,0.062088311161525786,0.9297007030775564,1.791979290157207e-4
Seychelles,MaheEPatch,2011,22.864746159279473,0.14440461322180978,0.21495426900221826,0.8014201533022965,0.04916235496029163,1.052617410614524,2.184503082852617e-4
Seychelles,MaheEPatch,2014,10.47023358707698,0.20687508817681788,0.4513233418706629,0.38733189921509836,0.04379612987550608,0.670193845504704,1.88308846328758e-4
Seychelles,MaheEPatch,2017,15.720805456253707,0.21626143669854322,1.2770071768586393,0.6516311186636237,0.07287819827453444,0.9885745194842298,2.194473516617174e-4
Seychelles,MaheNWCarbonate,1994,7.904723713403185,0.7424216128292115,0.8945538854292446,0.36187618372378216,0.053368231766064735,0.7245774686314376,1.6731960036201623e-4
Seychelles,MaheNWCarbonate,2005,7.590632374245586,0.378062971088713,1.3797767017931322,0.2601599165864837,0.06969655956337763,0.6939654687163248,1.1256216891993109e-4
Seychelles,MaheNWCarbonate,2008,8.266334156556093,0.33520220006983786,0.7606242013132963,0.3111842387177819,0.049650918503256654,0.6274116604320621,1.5112747244709762e-4
Seychelles,MaheNWCarbonate,2011,13.800553021142068,1.3314113581634295,1.5937769090319533,0.4574272843101339,0.1265327670136576,1.3944113038341477,1.0206421421052515e-4
Seychelles,MaheNWCarbonate,2014,12.205433861159818,1.633786622680101,0.7927210108667243,0.47783952490801934,0.08397889522771355,1.0934326689894105,1.5773096856962256e-4
Seychelles,MaheNWCarbonate,2017,27.06175998370198,1.6629922369287091,1.1415026646754165,1.0308326389209097,0.07934954943155259,1.48893105725714,2.0249854877378172e-4
Seychelles,MaheNWGranite,1994,5.878695330257265,1.0326590581172301,0.5992470343932155,0.26925537681517664,0.05139609894464746,0.619631471356652,1.5673989626339597e-4
Seychelles,MaheNWGranite,2005,9.724856812879686,0.581075069902082,0.3410540572272086,0.29511821525728593,0.04714859683466697,0.625512898645797,1.322467811135331e-4
Seychelles,MaheNWGranite,2008,13.916818970921998,0.4162850238081481,0.6116668743344964,0.48591553359210443,0.07265004643670536,1.0519921261482053,1.1534999734786183e-4
Seychelles,MaheNWGranite,2011,15.562188203689328,0.6199758395920825,1.022551733848034,0.5118603949846036,0.09355359894361563,1.2074581675845328,1.2060671692610198e-4
Seychelles,MaheNWGranite,2014,12.150311681304336,0.298403835541764,0.5950938293949104,0.4819210858236503,0.07085378123191631,0.9332624260362903,1.4070653346827259e-4
Seychelles,MaheNWGranite,2017,21.016212972171235,0.4236046276563978,0.8878073852694613,0.7283707903109714,0.08138490174281524,1.251786750282859,1.4297765760763078e-4
Seychelles,MaheNWPatch,1994,2.5210158381281857,0.8219631508762376,0.2576486510366601,0.1534529504876038,0.023528220376470288,0.30868746670955266,1.6821352965411878e-4
Seychelles,MaheNWPatch,2005,1.6914903464712363,0.22407508155960737,0.35823263130989114,0.08732331853072299,0.02353907196412227,0.25196282676329695,1.2816298234525844e-4
Seychelles,MaheNWPatch,2008,3.5013852922555655,0.18669827745241793,0.5250832003747917,0.18490876623502583,0.03367521892137676,0.4321638732005525,1.3366763513865347e-4
Seychelles,MaheNWPatch,2011,6.1648355819276235,0.3499746749315278,0.5882514936044322,0.29729932151245236,0.04377983469282704,0.5964861637075063,1.5794668055689682e-4
Seychelles,MaheNWPatch,2014,6.6104884264869925,0.787289150220576,0.7755707068772034,0.3525489441233428,0.054306965475188824,0.69133954152031,1.6972400751073555e-4
Seychelles,MaheNWPatch,2017,9.746876312092867,0.5725039161901778,1.5375531436690735,0.47248285592377165,0.08789240915879437,0.9910519030402292,1.408157235875684e-4
Seychelles,MaheWCarbonate,1994,5.731048945880854,1.4884798654352744,0.9877539468308782,0.2706676956171727,0.07098702927324525,0.7745324735883904,1.1344362980850394e-4
Seychelles,MaheWCarbonate,2005,9.083237558729943,0.489744492196484,0.31031689355132897,0.18099529749070614,0.05490856721391382,0.6312157590776262,8.105641818315903e-5
Seychelles,MaheWCarbonate,2008,9.32862965633316,0.5484993037594478,0.6861580084524543,0.3055005988306419,0.054522779727147634,0.7028377391315256,1.3452896657473358e-4
Seychelles,MaheWCarbonate,2011,28.697770128629223,1.3983298145454683,1.342178798497794,0.9009816639622877,0.12656140659546214,1.8357997508490094,1.306627565501549e-4
Seychelles,MaheWCarbonate,2014,8.605074833155145,2.1826397977717513,1.4779910432228822,0.6098564341176664,0.08734786742571754,1.2797220624715098,2.192244400020731e-4
Seychelles,MaheWCarbonate,2017,19.054679922071806,1.2161827100925207,0.8810574670067405,0.6995347132041281,0.07191453558448208,1.1550636409982342,1.870547946199845e-4
Seychelles,MaheWGranite,1994,8.657646601452297,0.4964086955248238,0.5547027186749663,0.2633719433956327,0.05511419378834131,0.6761105257124658,1.1585028379625592e-4
Seychelles,MaheWGranite,2005,7.974376240744606,0.4524662115348057,0.6009804405225788,0.28780497415613665,0.048600585738241636,0.6609996385066188,1.309685923509093e-4
Seychelles,MaheWGranite,2008,11.859930397402382,0.3471122400685252,1.054175426883166,0.35602657716852393,0.07906920545240477,0.9203527391338023,1.0560146604751111e-4
Seychelles,MaheWGranite,2011,13.189689130027089,0.43360615689539067,0.809870829203045,0.4158914536124718,0.07107369660734483,0.9076967613815569,1.155142099108057e-4
Seychelles,MaheWGranite,2014,13.626574963296418,0.33158617603056967,0.3585955736231845,0.3766554577907695,0.06496974213115793,0.8754875253487657,1.161494170674515e-4
Seychelles,MaheWGranite,2017,14.88250389837998,0.5132660409806314,0.8988434912870312,0.5074292607726767,0.06734568671057695,0.9637054299284837,1.4608784274166474e-4
Seychelles,MaheWPatch,1994,8.53583346226096,0.15800011510790318,0.4934577317034536,0.26656668850070775,0.055063509825572975,0.6729571016052986,1.158127381161086e-4
Seychelles,MaheWPatch,2005,2.8044459010034575,0.26283212645243836,0.09804922440367152,0.09155651085907192,0.017690355550941395,0.22751604620075014,1.4882999874165376e-4
Seychelles,MaheWPatch,2008,4.522803454965688,0.6377559334492587,0.43055086444290347,0.2608157960001841,0.03951166578832561,0.5498895000406313,1.7624330277826058e-4
Seychelles,MaheWPatch,2011,7.9825242378810914,1.8722723576483875,0.4600975820300862,0.4047632082090605,0.04509954552425556,0.739299124903139,1.9274843274652507e-4
Seychelles,MaheWPatch,2014,8.672849473488707,0.6959963076347762,0.56090946762293,0.4015287001232427,0.047846523222567085,0.7326612278478154,1.660747439127899e-4
Seychelles,MaheWPatch,2017,14.571058964348925,1.2576635836503307,1.30619077814956,0.6122381403278614,0.07375923762288993,1.0323968142939117,1.7092191603359448e-4
Seychelles,PraslinNECarbonate,1994,7.873815259263721,0.5395819063537091,0.7475064039568293,0.36464159082300407,0.06550882128967218,0.7336333240764296,1.4834753582959996e-4
Seychelles,PraslinNECarbonate,2005,2.631305150726404,0.062246483802058626,1.2290275081799615,0.20387545400953422,0.03537677552909661,0.36738950513395346,2.47423646891565e-4
Seychelles,PraslinNECarbonate,2008,3.1747716662102627,0.13481082430690808,0.7835646333356182,0.21337888732772206,0.026764690469270384,0.3336928033738126,2.5424970015546617e-4
Seychelles,PraslinNECarbonate,2011,2.5412647298701696,0.036648828939869905,0.3054018289018795,0.20745522609718475,0.015181888327065742,0.2368995474053393,3.565724601462114e-4
Seychelles,PraslinNECarbonate,2014,1.445205921343281,0.021160446763383828,0.8216471631390807,0.1845896090055837,0.017753096452333507,0.2180383487088484,3.003935994449075e-4
Seychelles,PraslinNECarbonate,2017,3.8871053797100115,0.08944418218681471,0.4962455772947976,0.13121686494747048,0.03218277273044127,0.3210768363966245,1.840735309845764e-4
Seychelles,PraslinNEGranite,1994,8.178040742370941,0.4449337196458814,0.7995667539807709,0.2613513138006118,0.07388817824003138,0.7827904673026935,9.78408535299004e-5
Seychelles,PraslinNEGranite,2005,10.233930100641448,0.15370764259428735,1.0401250257778185,0.3457718157904143,0.08383219019050318,0.905077861813886,1.0861949280804559e-4
Seychelles,PraslinNEGranite,2008,10.213183033437772,0.810539673322386,1.4525428316821831,0.5232898144321796,0.10889864550544359,1.1867830724979975,1.4375189962912945e-4
Seychelles,PraslinNEGranite,2011,17.635663203126672,0.47084517155178396,1.6140127883680049,0.6757965680162921,0.10691728406081455,1.3585758736803772,1.2935625063147801e-4
Seychelles,PraslinNEGranite,2014,14.036388178729394,0.4495076500649892,0.9757819638175732,0.5183487315985892,0.09283834764146873,1.1451464399962457,1.25440427836241e-4
Seychelles,PraslinNEGranite,2017,16.894043262000185,0.5023267024250823,1.438384480000632,0.6804922341303536,0.09964627422529597,1.2805766755190737,1.4461767614413638e-4
Seychelles,PraslinNEPatch,1994,6.151262516567043,0.3441105868447531,0.7851391412236047,0.20530644441819665,0.055183928075023966,0.6096467864029338,1.0269939040402084e-4
Seychelles,PraslinNEPatch,2005,6.708106886941168,0.3209993271274722,1.6247035705294255,0.33446342654933253,0.09101117897635162,0.8612191224015534,1.1519644303604318e-4
Seychelles,PraslinNEPatch,2008,7.168082263420343,0.23267591186592224,0.6778004159502764,0.2356911499770359,0.055799831221166975,0.6406919110804098,1.0122019465996767e-4
Seychelles,PraslinNEPatch,2011,6.203698685005262,0.2512668243951498,0.9622144988035297,0.3000578469329342,0.053971757954133504,0.6428667372449214,1.3691868069530926e-4
Seychelles,PraslinNEPatch,2014,6.45550290752553,0.2357698123180756,0.3222193745176954,0.20515188765220144,0.03178981437173039,0.44309041147372696,1.3642006700175413e-4
Seychelles,PraslinNEPatch,2017,4.398819686298767,0.24497714897647452,0.3695189510922643,0.1698131049011964,0.031283068026434414,0.38975198489974355,1.3997084623977918e-4
Seychelles,PraslinSWCarbonate,1994,10.145993187888731,0.7755928412348116,0.22984366585185043,0.35539040368346003,0.04460068836227496,0.6784757296997039,1.7093758611115976e-4
Seychelles,PraslinSWCarbonate,2005,9.275566650757058,0.15998067644395725,0.4539546130185438,0.40641071007387536,0.02627629022089392,0.49463377313979145,2.859660924065464e-4
Seychelles,PraslinSWCarbonate,2008,2.7778907511397115,0.19202068753034174,0.9946348643390834,0.27746844733054754,0.030116300197919325,0.3651175846252213,2.9111465219059805e-4
Seychelles,PraslinSWCarbonate,2011,6.295693608529019,0.22474538488456078,0.23014729790464938,0.3490214754111297,0.01773416796766046,0.384469210978943,2.9072123672982115e-4
Seychelles,PraslinSWCarbonate,2014,22.362227143396407,0.08720651334136933,1.5184215610035026,1.0422444469602645,0.09649220740873266,1.5196829191319274,1.86017241939199e-4
Seychelles,PraslinSWCarbonate,2017,14.61132031309762,0.33342559344499173,0.891376759249084,0.6582707889073853,0.04638621938095499,0.868696819142272,2.0600747520466858e-4
Seychelles,PraslinSWGranite,1994,8.382467693763365,0.431253175219965,1.1990744249688505,0.26823011577071826,0.06395123593614464,0.7217884418049035,1.1334297495227209e-4
Seychelles,PraslinSWGranite,2005,8.711710726894378,0.12749547288441876,0.7127624204084654,0.2629429983083977,0.046532684559596985,0.5851037414683266,1.4009351702864038e-4
Seychelles,PraslinSWGranite,2008,22.60443698232139,0.21091050812211548,2.0116654357690797,0.6469023196324282,0.14726679288180544,1.6307738006872061,9.987871635408614e-5
Seychelles,PraslinSWGranite,2011,17.461085619423542,0.09156220982068443,1.6615278112934382,0.696962874297094,0.1136976646706829,1.3746623232292852,1.389486837202705e-4
Seychelles,PraslinSWGranite,2014,14.697449461118044,0.30045093926134125,2.2083387038047806,0.6326969327400661,0.1369597753033269,1.38896474053753,1.3387712766408654e-4
Seychelles,PraslinSWGranite,2017,30.204866588938692,1.341019914064612,1.35602735615734,1.28430658615111,0.13027236272339004,1.9117125329017584,1.6373534826631417e-4
Seychelles,PraslinSWPatch,1994,7.8247117551103464,0.27747320424812444,0.3931271032138393,0.2778765309213595,0.0343408570991539,0.49034349510791264,1.8365130353188442e-4
Seychelles,PraslinSWPatch,2005,7.028261507528421,0.2742603318874058,0.7396723686553495,0.3047574451055203,0.04737864492640862,0.5595147158544777,2.0438631631222398e-4
Seychelles,PraslinSWPatch,2008,17.851156084388645,0.5120737078053038,1.4584066604941226,0.6620501180013325,0.09044738403621694,1.179110561246278,1.6295327472495096e-4
Seychelles,PraslinSWPatch,2011,18.558342410232523,0.3846931635706687,0.7225082202653554,0.5953439817025602,0.06542343996765032,0.9956135524473829,1.701651217002524e-4
Seychelles,PraslinSWPatch,2014,15.756748066612476,0.4505001096949301,0.3568711968016991,0.49290239442780825,0.06639575345609257,0.9536302632962453,1.3574380358862527e-4
Seychelles,PraslinSWPatch,2017,12.482025515114831,0.4454945939042946,2.4428937216388937,0.7317181111816731,0.13587234454787614,1.4024158536696605,1.3670247488975758e-4
Seychelles,SteAnneCarbonate,1994,15.702633457977354,5.589418802944122,1.5397147429811182,0.6976303866132364,0.13742590254022355,1.6631588169049896,1.3672829568892324e-4
Seychelles,SteAnneCarbonate,2005,8.207338273160444,0.934613550091445,1.457675377807759,0.4207326248296221,0.08672538701927816,0.8798178212894876,1.594571587670209e-4
Seychelles,SteAnneCarbonate,2008,4.055840960047469,0.41611186978059617,0.6404725385871023,0.2199590304247945,0.028931393100484388,0.3760454077054616,2.2440272377352344e-4
Seychelles,SteAnneCarbonate,2011,11.69284862301884,1.0355728720480084,1.6292965815626679,0.5917841630125061,0.09054294534789571,1.077865552118462,1.9200324502793685e-4
Seychelles,SteAnneCarbonate,2014,14.524346581413868,0.8677081590221006,0.7643008569803735,0.6693724098596343,0.05550920658384359,0.9144940240249014,2.1461534831182738e-4
Seychelles,SteAnneCarbonate,2017,20.13897938565785,0.24158994659239516,0.6874835222575536,0.8644561648698803,0.04858138338907986,0.9930604795414028,2.8378310966280956e-4
Seychelles,SteAnneGranite,1994,13.158693797557373,0.95456689840826,1.3674232042439436,0.4174228067992234,0.09728050747195456,1.1095407332764917,1.2595273294002524e-4
Seychelles,SteAnneGranite,2005,21.593968323578885,0.3312454329490067,2.4806555443525236,0.8035234497434326,0.1616647558164746,1.709895479408086,1.1898027018015105e-4
Seychelles,SteAnneGranite,2008,19.987063358754142,0.8385626573459499,1.5293684490589683,0.7175288069202654,0.15585072972271144,1.7379518708927197,1.1293278390052188e-4
Seychelles,SteAnneGranite,2011,28.43451524323979,0.29577135759313866,1.5866040715837773,0.8787388537407249,0.15572769058388772,1.8908702583768215,1.134558085299129e-4
Seychelles,SteAnneGranite,2014,20.522206807983004,0.252456610290925,1.216404410071629,0.6807837063505369,0.13577985479770394,1.5689756097613676,1.085165694565792e-4
Seychelles,SteAnneGranite,2017,26.00589770119736,0.21943450982946708,1.5513495828819566,0.9382770276563147,0.1333401777777116,1.685608371345146,1.4048515345666646e-4
Seychelles,SteAnnePatch,1994,10.81066859036165,2.0764767786991607,1.412804131560669,0.4547839889163951,0.0920872431315576,1.0439009434693731,1.3563370062394788e-4
Seychelles,SteAnnePatch,2005,4.257093825138768,0.35598073966484184,0.5961358855907785,0.23028850595742592,0.03235417876306843,0.36414519922267136,3.1524384094405174e-4
Seychelles,SteAnnePatch,2008,6.003095490461795,0.5840430213872222,0.7715608686457023,0.37426114582642356,0.040787797111012415,0.5622361065849072,3.2528569660114344e-4
Seychelles,SteAnnePatch,2011,11.505085597742147,1.3323078938580497,1.9405440630389477,0.5656540211274039,0.10971657404853741,1.180927879802767,1.456271164593284e-4
Seychelles,SteAnnePatch,2014,19.297633373495778,1.2867185173423703,2.540469034228272,0.8595869259807957,0.12762935714698906,1.5740280047716062,1.4214933534394827e-4
Seychelles,SteAnnePatch,2017,16.983076207135305,1.6707113501750772,3.4060221062331273,0.9481801901469851,0.1587978958237375,1.783689995819421,1.477010549982448e-4
